request_id,raw_text,normalized_text,english_gloss,language_type,intent,category,department,urgency,severity,locality,district,source_type,split
CDX_001,குப்பை 3 நாட்களாக எடுக்கவில்லை,குப்பை 3 நாட்களாக எடுக்கவில்லை,Garbage not collected for 3 days,tamil,complaint,sanitation,Sanitation Department,medium,service_delay,urban_area,Chennai,synthetic,train
CDX_002,என் ரேஷன் கார்டு அப்ளிகேஷன் ஸ்டேட்டஸ் என்ன?,என் ரேஷன் கார்டு அப்ளிகேஷன் நிலை என்ன?,What is the status of my ration card application?,tamil,status_query,certificates,Revenue Department,low,information_query,urban_area,Chennai,synthetic,train
CDX_003,புதிய தண்ணீர் கனெக்ஷன் எப்படி அப்ளை பண்ணுவது?,புதிய தண்ணீர் இணைப்பு எப்படி விண்ணப்பிப்பது?,How to apply for new water connection?,tamil,information_request,water_supply,Water Supply Department,low,information_query,urban_area,Chennai,synthetic,train
CDX_004,வீதியில் உள்ள லைட் வேலை செய்யவில்லை,வீதியில் உள்ள விளக்கு வேலை செய்யவில்லை,Street light is not working,tamil,complaint,street_lighting,Electricity Department,medium,service_failure,urban_area,Chennai,synthetic,train
CDX_005,டிரெயின் முழுவதும் அடைஞ்சிருக்கு,டிரெயின் முழுவதும் அடைந்துள்ளது,Drain is completely blocked,tamil,complaint,drainage,Drainage Department,high,public_hazard,urban_area,Chennai,synthetic,train
CDX_006,என் பழைய கம்ப்ளைன்ட் இன்னும் ரெசால்வ் ஆகல,என் பழைய புகார் இன்னும் தீர்க்கப்படவில்லை,My previous complaint is still not resolved,tamil,follow_up,sanitation,Sanitation Department,medium,service_delay,urban_area,Chennai,synthetic,train
CDX_007,பர்த் சர்டிபிகேட் டுப்ளிகேட் எப்படி எடுக்க?,பிறப்பு சான்றிதழ் நகல் எப்படி பெறுவது?,How to get duplicate birth certificate?,tamil,document_help,certificates,Revenue Department,low,information_query,urban_area,Chennai,synthetic,train
CDX_008,சாலைல பெரிய குழி இருக்கு,சாலையில் பெரிய குழி உள்ளது,There is a big pothole on the road,tamil,complaint,roads,Roads Department,high,public_hazard,urban_area,Chennai,synthetic,train
CDX_009,மூன்று நாட்களாக தண்ணீர் வரவில்லை,மூன்று நாட்களாக தண்ணீர் வரவில்லை,No water supply for three days,tamil,complaint,water_supply,Water Supply Department,high,service_failure,urban_area,Chennai,synthetic,train
CDX_010,இந்த பிரச்சனைக்கு எங்க தொடர்பு கொள்ள வேண்டும்?,இந்த பிரச்சனைக்கு எங்கு தொடர்பு கொள்ள வேண்டும்?,Whom should I contact for this issue?,tamil,information_request,public_health,Public Health Department,low,information_query,urban_area,Chennai,synthetic,train
CDX_011,இது பற்றி முன்பே புகார் கொடுத்தேன் இன்னும் நடவடிக்கை இல்லை,இது பற்றி முன்பே புகார் கொடுத்தேன் இன்னும் நடவடிக்கை இல்லை,I already complained about this but no action yet,tamil,follow_up,sanitation,Sanitation Department,medium,service_delay,urban_area,Chennai,synthetic,train
CDX_012,இந்த பிரச்சனை இன்னும் சரி செய்யலனா மேலதிகாரிக்கு சொல்றேன்,இந்த பிரச்சனை இன்னும் சரி செய்யவில்லை என்றால் மேலதிகாரிக்கு தெரிவிப்பேன்,If this issue is not fixed I will escalate to higher authority,tamil,escalation,roads,Roads Department,high,public_hazard,urban_area,Chennai,synthetic,train
CDX_013,என் அப்ளிகேஷன் ரிஜெக்ட் ஆனதுக்கு காரணம் என்ன?,என் விண்ணப்பம் நிராகரிக்கப்பட்டதற்கான காரணம் என்ன?,Why was my application rejected?,tamil,status_query,certificates,Revenue Department,low,information_query,urban_area,Chennai,synthetic,train
CDX_014,புதிய டிரெயினேஜ் கனெக்ஷன் அப்ளை பண்ணணும் எப்படி?,புதிய வடிகால் இணைப்பு விண்ணப்பிக்க எப்படி?,How to apply for new drainage connection?,tamil,application_help,drainage,Drainage Department,low,information_query,urban_area,Chennai,synthetic,train
CDX_015,குப்பை எடுக்காம இருந்தா நோய் வரும் இது அவசரம்,குப்பை எடுக்காமல் இருந்தால் நோய் வரும் இது அவசரம்,Garbage not collected may cause disease this is urgent,tamil,complaint,sanitation,Sanitation Department,high,public_hazard,urban_area,Chennai,synthetic,train
CDX_016,என்னோட பழைய ரெக்வெஸ்ட் ஏன் இன்னும் pending?,என் பழைய கோரிக்கை ஏன் இன்னும் நிலுவையில் உள்ளது?,Why is my previous request still pending?,code_mixed,follow_up,water_supply,Water Supply Department,medium,service_delay,urban_area,Chennai,synthetic,train
CDX_017,இந்த சாலை நிலைமை ரொம்ப மோசம் உடனே சரி செய்ய வேண்டும்,இந்த சாலை நிலைமை மிகவும் மோசம் உடனே சரி செய்ய வேண்டும்,The road condition is very bad fix immediately,tamil,escalation,roads,Roads Department,high,public_hazard,urban_area,Chennai,synthetic,train
CDX_018,பவர் கட்ட் எப்போ சரியாகும்?,மின்சாரம் துண்டிப்பு எப்போது சரியாகும்?,When will the power cut be resolved?,tamil,status_query,electricity,Electricity Department,medium,service_delay,urban_area,Chennai,synthetic,train
CDX_019,நான் எப்படி welfare scheme apply பண்ணுவது?,நான் welfare திட்டத்திற்கு எப்படி விண்ணப்பிப்பது?,How do I apply for welfare scheme?,code_mixed,application_help,welfare,Welfare Department,low,information_query,urban_area,Chennai,synthetic,train
CDX_020,மருத்துவமனை சேவை மிகவும் மோசம் இது பற்றி complaint கொடுக்கணும்,மருத்துவமனை சேவை மிகவும் மோசம் இது பற்றி புகார் அளிக்க வேண்டும்,Hospital service is very bad need to file complaint,tamil,complaint,public_health,Public Health Department,high,service_failure,urban_area,Chennai,synthetic,train
CDX_021,குப்பை எடுக்கவே இல்ல சார்,குப்பை எடுக்கவே இல்லை,Garbage is not being collected,tamil,complaint,sanitation,Sanitation Department,medium,service_delay,urban_area,Chennai,synthetic,train
CDX_022,இந்த லைட் இன்னும் சரி பண்ணலயா?,இந்த விளக்கு இன்னும் சரி செய்யப்படவில்லை?,Is the street light still not fixed?,tamil,follow_up,street_lighting,Electricity Department,medium,service_delay,urban_area,Chennai,synthetic,train
CDX_023,ரோட்ல போகவே முடியல ரொம்ப மோசம்,சாலையில் செல்ல முடியவில்லை மிகவும் மோசம்,The road is very bad cannot travel,tamil,complaint,roads,Roads Department,high,public_hazard,urban_area,Chennai,synthetic,train
CDX_024,தண்ணீர் வரல ரொம்ப கஷ்டமா இருக்கு,தண்ணீர் வரவில்லை மிகவும் கஷ்டமாக உள்ளது,No water supply it is very difficult,tamil,complaint,water_supply,Water Supply Department,high,service_failure,urban_area,Chennai,synthetic,train
CDX_025,எங்க அப்ளிகேஷன் இன்னும் pending தான்,என் விண்ணப்பம் இன்னும் நிலுவையில் உள்ளது,My application is still pending,tamil,status_query,certificates,Revenue Department,low,information_query,urban_area,Chennai,synthetic,train
CDX_026,இது பற்றி already complaint கொடுத்தேன்,இது பற்றி ஏற்கனவே புகார் அளித்தேன்,I already gave a complaint about this,code_mixed,follow_up,sanitation,Sanitation Department,medium,service_delay,urban_area,Chennai,synthetic,train
CDX_027,இந்த பிரச்சனைக்கு யாரை contact பண்ணலாம்?,இந்த பிரச்சனைக்கு யாரை தொடர்பு கொள்ளலாம்?,Who should I contact for this issue?,code_mixed,information_request,public_health,Public Health Department,low,information_query,urban_area,Chennai,synthetic,train
CDX_028,டிரெயின் முழுசா block ஆகிடுச்சு,டிரெயின் முழுவதும் அடைந்துள்ளது,Drain is completely blocked,tamil,complaint,drainage,Drainage Department,high,public_hazard,urban_area,Chennai,synthetic,train
CDX_029,இந்த சேவை ரொம்ப மோசமா இருக்கு,இந்த சேவை மிகவும் மோசமாக உள்ளது,This service is very poor,tamil,escalation,welfare,Welfare Department,medium,service_failure,urban_area,Chennai,synthetic,train
CDX_030,எப்படி இந்த form fill பண்ணுவது?,இந்த படிவத்தை எப்படி நிரப்புவது?,How to fill this form?,code_mixed,application_help,water_supply,Water Supply Department,low,information_query,urban_area,Chennai,synthetic,train
CDX_031,kuppai 3 naal ah edukkala,kuppai 3 naal ah edukkala,Garbage not collected for 3 days,tanglish,complaint,sanitation,Sanitation Department,medium,service_delay,urban_area,Chennai,synthetic,train
CDX_032,road la periya pothole iruku,road la periya pothole iruku,There is a big pothole on the road,tanglish,complaint,roads,Roads Department,high,public_hazard,urban_area,Chennai,synthetic,train
CDX_033,street light night la work agala,street light night la work agala,Street light is not working at night,tanglish,complaint,street_lighting,Electricity Department,medium,service_failure,urban_area,Chennai,synthetic,train
CDX_034,water supply rendu naal ah varala,water supply rendu naal ah varala,No water supply for two days,tanglish,complaint,water_supply,Water Supply Department,high,service_failure,urban_area,Chennai,synthetic,train
CDX_035,drain full ah block aayiduchu,drain full ah block aayiduchu,Drain is completely blocked,tanglish,complaint,drainage,Drainage Department,high,public_hazard,urban_area,Chennai,synthetic,train
CDX_036,birth certificate epdi apply panrathu,birth certificate epdi apply panrathu,How to apply for birth certificate,tanglish,application_help,certificates,Revenue Department,low,information_query,urban_area,Chennai,synthetic,train
CDX_037,passport status epdi check panrathu,passport status epdi check panrathu,How to check passport status,tanglish,status_query,certificates,Revenue Department,low,information_query,urban_area,Chennai,synthetic,train
CDX_038,garbage collection regular ah illa,garbage collection regular ah illa,Garbage collection is not regular,tanglish,complaint,sanitation,Sanitation Department,medium,service_delay,urban_area,Chennai,synthetic,train
CDX_039,old complaint ku innum response illa,old complaint ku innum response illa,No response for previous complaint,tanglish,follow_up,sanitation,Sanitation Department,medium,service_delay,urban_area,Chennai,synthetic,train
CDX_040,collector kita complaint escalate panna venum,collector kita complaint escalate panna venum,Need to escalate complaint to higher authority,tanglish,escalation,roads,Roads Department,high,public_hazard,urban_area,Chennai,synthetic,train
CDX_041,eb bill romba adhigam vandiruku,eb bill romba adhigam vandiruku,Electricity bill is very high,tanglish,complaint,electricity,Electricity Department,medium,service_failure,urban_area,Chennai,synthetic,train
CDX_042,sewage overflow aguthu road la,sewage overflow aguthu road la,Sewage is overflowing on the road,tanglish,complaint,drainage,Drainage Department,high,public_hazard,urban_area,Chennai,synthetic,train
CDX_043,ration card apply panna help venum,ration card apply panna help venum,Need help to apply for ration card,tanglish,application_help,certificates,Revenue Department,low,information_query,urban_area,Chennai,synthetic,train
CDX_044,street dog problem romba jasthi,street dog problem romba jasthi,Street dog problem is very high,tanglish,complaint,public_health,Public Health Department,medium,service_failure,urban_area,Chennai,synthetic,train
CDX_045,water tank clean panna sollunga,water tank clean panna sollunga,Request to clean water tank,tanglish,complaint,water_supply,Water Supply Department,medium,service_delay,urban_area,Chennai,synthetic,train
CDX_046,water supply 3 days ah varala,water supply 3 days ah varala,No water supply for 3 days,code_mixed,complaint,water_supply,Water Supply Department,high,service_failure,urban_area,Chennai,synthetic,train
CDX_047,road la pothole iruku please fix,road la pothole iruku please fix,There is a pothole on the road please fix,code_mixed,complaint,roads,Roads Department,high,public_hazard,urban_area,Chennai,synthetic,train
CDX_048,street light not working night time,street light not working night time,Street light not working at night,code_mixed,complaint,street_lighting,Electricity Department,medium,service_failure,urban_area,Chennai,synthetic,train
CDX_049,drain block aayiduchu need urgent cleaning,drain block aayiduchu need urgent cleaning,Drain is blocked and needs urgent cleaning,code_mixed,complaint,drainage,Drainage Department,high,public_hazard,urban_area,Chennai,synthetic,train
CDX_050,garbage collection regular ah illa in my area,garbage collection regular ah illa in my area,Garbage collection is not regular in my area,code_mixed,complaint,sanitation,Sanitation Department,medium,service_delay,urban_area,Chennai,synthetic,train
CDX_051,ration card application status enna,ration card application status enna,What is the status of my ration card application,code_mixed,status_query,certificates,Revenue Department,low,information_query,urban_area,Chennai,synthetic,train
CDX_052,birth certificate apply panna process explain pannunga,birth certificate apply panna process explain pannunga,Explain the process to apply for birth certificate,code_mixed,application_help,certificates,Revenue Department,low,information_query,urban_area,Chennai,synthetic,train
CDX_053,old complaint still not resolved enna update,old complaint still not resolved enna update,Previous complaint is still not resolved what is the update,code_mixed,follow_up,sanitation,Sanitation Department,medium,service_delay,urban_area,Chennai,synthetic,train
CDX_054,water tank cleaning request register panna venum,water tank cleaning request register panna venum,Need to register a request for water tank cleaning,code_mixed,application_help,water_supply,Water Supply Department,low,information_query,urban_area,Chennai,synthetic,train
CDX_055,eb bill amount romba high why this much,eb bill amount romba high why this much,Electricity bill amount is very high why is it so,code_mixed,complaint,electricity,Electricity Department,medium,service_failure,urban_area,Chennai,synthetic,train
CDX_056,sewage overflow problem road la dangerous ah iruku,sewage overflow problem road la dangerous ah iruku,Sewage overflow on the road is dangerous,code_mixed,complaint,drainage,Drainage Department,high,public_hazard,urban_area,Chennai,synthetic,train
CDX_057,street dog problem complaint register panna venum,street dog problem complaint register panna venum,Need to register complaint for street dog problem,code_mixed,application_help,public_health,Public Health Department,low,information_query,urban_area,Chennai,synthetic,train
CDX_058,passport status check panna website enna,passport status check panna website enna,What is the website to check passport status,code_mixed,information_request,certificates,Revenue Department,low,information_query,urban_area,Chennai,synthetic,train
CDX_059,new water connection apply panna help venum,new water connection apply panna help venum,Need help to apply for new water connection,code_mixed,application_help,water_supply,Water Supply Department,low,information_query,urban_area,Chennai,synthetic,train
CDX_060,this issue escalate panna higher officer yaru,this issue escalate panna higher officer yaru,Who is the higher officer to escalate this issue,code_mixed,escalation,roads,Roads Department,high,public_hazard,urban_area,Chennai,synthetic,train
CDX_061,என் தெருவில் குப்பை தினமும் எடுக்கவில்லை,என் தெருவில் குப்பை தினமும் எடுக்கவில்லை,Garbage is not collected daily in my street,tamil,complaint,sanitation,Sanitation Department,medium,service_delay,urban_area,Chennai,synthetic,train
CDX_062,சாலை முழுவதும் குழிகள் உள்ளது மிகவும் அபாயம்,சாலை முழுவதும் குழிகள் உள்ளது மிகவும் அபாயம்,The road is full of potholes and is dangerous,tamil,complaint,roads,Roads Department,high,public_hazard,urban_area,Chennai,synthetic,train
CDX_063,என் வீட்டுக்கு தண்ணீர் இணைப்பு எப்போது கிடைக்கும்?,என் வீட்டுக்கு தண்ணீர் இணைப்பு எப்போது கிடைக்கும்?,When will I get water connection for my house,tamil,status_query,water_supply,Water Supply Department,medium,service_delay,urban_area,Chennai,synthetic,train
CDX_064,வீதியில் விளக்குகள் வேலை செய்யவில்லை இரவில் இருள் அதிகம்,வீதியில் விளக்குகள் வேலை செய்யவில்லை இரவில் இருள் அதிகம்,Street lights are not working and it is very dark at night,tamil,complaint,street_lighting,Electricity Department,medium,service_failure,urban_area,Chennai,synthetic,train
CDX_065,டிரெயினேஜ் நீர் வெளியே வருகிறது சுகாதார பிரச்சனை,டிரெயினேஜ் நீர் வெளியே வருகிறது சுகாதார பிரச்சனை,Sewage water is overflowing causing health issues,tamil,complaint,drainage,Drainage Department,high,public_hazard,urban_area,Chennai,synthetic,train
CDX_066,புதிய ரேஷன் கார்டு விண்ணப்பிக்க உதவி தேவை,புதிய ரேஷன் கார்டு விண்ணப்பிக்க உதவி தேவை,Need help to apply for new ration card,tamil,application_help,certificates,Revenue Department,low,information_query,urban_area,Chennai,synthetic,train
CDX_067,என் முந்தைய புகாருக்கு இன்னும் பதில் இல்லை,என் முந்தைய புகாருக்கு இன்னும் பதில் இல்லை,No response for my previous complaint,tamil,follow_up,sanitation,Sanitation Department,medium,service_delay,urban_area,Chennai,synthetic,train
CDX_068,இந்த பிரச்சனைக்கு உடனடி நடவடிக்கை எடுக்க வேண்டும்,இந்த பிரச்சனைக்கு உடனடி நடவடிக்கை எடுக்க வேண்டும்,Immediate action must be taken for this issue,tamil,escalation,roads,Roads Department,high,public_hazard,urban_area,Chennai,synthetic,train
CDX_069,மின்சாரம் அடிக்கடி போகிறது காரணம் என்ன?,மின்சாரம் அடிக்கடி போகிறது காரணம் என்ன?,Power cuts are frequent what is the reason,tamil,information_request,electricity,Electricity Department,medium,service_failure,urban_area,Chennai,synthetic,train
CDX_070,மருத்துவமனையில் சேவை தரம் மிகவும் குறைவு,மருத்துவமனையில் சேவை தரம் மிகவும் குறைவு,Hospital service quality is very poor,tamil,complaint,public_health,Public Health Department,high,service_failure,urban_area,Chennai,synthetic,train
CDX_071,என் விண்ணப்பம் இன்னும் நிலுவையில் உள்ளது,என் விண்ணப்பம் இன்னும் நிலுவையில் உள்ளது,My application is still pending,tamil,status_query,certificates,Revenue Department,low,information_query,urban_area,Chennai,synthetic,train
CDX_072,இந்த பிரச்சனைக்கு யாரை தொடர்பு கொள்ள வேண்டும்?,இந்த பிரச்சனைக்கு யாரை தொடர்பு கொள்ள வேண்டும்?,Who should I contact for this issue,tamil,information_request,public_health,Public Health Department,low,information_query,urban_area,Chennai,synthetic,train
CDX_073,குப்பை சேகரிப்பு சரியாக நடைபெறவில்லை,குப்பை சேகரிப்பு சரியாக நடைபெறவில்லை,Garbage collection is not happening properly,tamil,complaint,sanitation,Sanitation Department,medium,service_delay,urban_area,Chennai,synthetic,train
CDX_074,சாலை பழுது பார்த்து சரி செய்ய வேண்டும்,சாலை பழுது பார்த்து சரி செய்ய வேண்டும்,The road needs to be repaired,tamil,complaint,roads,Roads Department,high,public_hazard,urban_area,Chennai,synthetic,train
CDX_075,தண்ணீர் விநியோகம் சரியாக இல்லை,தண்ணீர் விநியோகம் சரியாக இல்லை,Water supply is not proper,tamil,complaint,water_supply,Water Supply Department,medium,service_failure,urban_area,Chennai,synthetic,train
CDX_076,விளக்கு சரி செய்யப்படவில்லை இன்னும்,விளக்கு சரி செய்யப்படவில்லை இன்னும்,Street light is still not fixed,tamil,follow_up,street_lighting,Electricity Department,medium,service_delay,urban_area,Chennai,synthetic,train
CDX_077,டிரெயின் அடைப்பு காரணமாக தண்ணீர் நிற்கிறது,டிரெயின் அடைப்பு காரணமாக தண்ணீர் நிற்கிறது,Water is stagnating due to drain blockage,tamil,complaint,drainage,Drainage Department,high,public_hazard,urban_area,Chennai,synthetic,train
CDX_078,இந்த சேவை மிகவும் மோசமாக உள்ளது,இந்த சேவை மிகவும் மோசமாக உள்ளது,This service is very poor,tamil,escalation,welfare,Welfare Department,medium,service_failure,urban_area,Chennai,synthetic,train
CDX_079,வெளிச்சம் இல்லாததால் இரவில் பயமாக உள்ளது,வெளிச்சம் இல்லாததால் இரவில் பயமாக உள்ளது,It is scary at night due to no lighting,tamil,complaint,street_lighting,Electricity Department,high,public_hazard,urban_area,Chennai,synthetic,train
CDX_080,இந்த பிரச்சனைக்கு விரைவில் தீர்வு தரவும்,இந்த பிரச்சனைக்கு விரைவில் தீர்வு தரவும்,Please resolve this issue quickly,tamil,escalation,sanitation,Sanitation Department,medium,service_delay,urban_area,Chennai,synthetic,train
CDX_081,மழைக்குப் பிறகு தெருவில் தண்ணீர் தேங்கி உள்ளது,மழைக்குப் பிறகு தெருவில் தண்ணீர் தேங்கி உள்ளது,Water is stagnating on the street after rain,tamil,complaint,drainage,Drainage Department,high,public_hazard,urban_area,Chennai,synthetic,train
CDX_082,பஸ்கள் நேரத்திற்கு வரவில்லை தினமும் தாமதம்,பஸ்கள் நேரத்திற்கு வரவில்லை தினமும் தாமதம்,Buses are not arriving on time daily,tamil,complaint,transport,Transport Department,medium,service_delay,urban_area,Chennai,synthetic,train
CDX_083,மின் கம்பி கீழே தொங்குகிறது மிகவும் ஆபத்து,மின் கம்பி கீழே தொங்குகிறது மிகவும் ஆபத்து,Electric wire is hanging low and is dangerous,tamil,complaint,electricity,Electricity Department,high,public_hazard,urban_area,Chennai,synthetic,train
CDX_084,கழிவு நீர் வீதியில் வெளியேறுகிறது சுகாதார பிரச்சனை,கழிவு நீர் வீதியில் வெளியேறுகிறது சுகாதார பிரச்சனை,Sewage overflowing on the street causing health issues,tamil,complaint,drainage,Drainage Department,high,public_hazard,urban_area,Chennai,synthetic,train
CDX_085,அரசு அலுவலகத்தில் பதில் வரவில்லை இரண்டு வாரமாக,அரசு அலுவலகத்தில் பதில் வரவில்லை இரண்டு வாரமாக,No response from government office for two weeks,tamil,complaint,certificates,Revenue Department,medium,service_delay,urban_area,Chennai,synthetic,train
CDX_086,தெருவில் குப்பை குவிந்து நோய் பரவ வாய்ப்பு உள்ளது,தெருவில் குப்பை குவிந்து நோய் பரவ வாய்ப்பு உள்ளது,Garbage is piled up in the street causing disease risk,tamil,complaint,sanitation,Sanitation Department,high,public_hazard,urban_area,Chennai,synthetic,train
CDX_087,குழாய் உடைந்து தண்ணீர் வீணாகிறது,குழாய் உடைந்து தண்ணீர் வீணாகிறது,Pipe is broken and water is wasting,tamil,complaint,water_supply,Water Supply Department,high,service_failure,urban_area,Chennai,synthetic,train
CDX_088,சாலை பழுதால் வாகனங்கள் செல்ல முடியவில்லை,சாலை பழுதால் வாகனங்கள் செல்ல முடியவில்லை,Vehicles cannot move due to damaged road,tamil,complaint,roads,Roads Department,high,public_hazard,urban_area,Chennai,synthetic,train
CDX_089,விளக்கு இல்லாததால் இரவில் நடக்க முடியவில்லை,விளக்கு இல்லாததால் இரவில் நடக்க முடியவில்லை,Cannot walk at night due to no street lights,tamil,complaint,street_lighting,Electricity Department,medium,service_failure,urban_area,Chennai,synthetic,train
CDX_090,மருத்துவமனையில் நீண்ட நேரம் காத்திருக்க வேண்டியுள்ளது,மருத்துவமனையில் நீண்ட நேரம் காத்திருக்க வேண்டியுள்ளது,Long waiting time in hospital,tamil,complaint,public_health,Public Health Department,medium,service_delay,urban_area,Chennai,synthetic,train
CDX_091,புதிய ரேஷன் கார்டு இன்னும் கிடைக்கவில்லை,புதிய ரேஷன் கார்டு இன்னும் கிடைக்கவில்லை,New ration card has not been issued yet,tamil,follow_up,certificates,Revenue Department,medium,service_delay,urban_area,Chennai,synthetic,train
CDX_092,மின் துண்டிப்பு அடிக்கடி நடக்கிறது காரணம் தெரியவில்லை,மின் துண்டிப்பு அடிக்கடி நடக்கிறது காரணம் தெரியவில்லை,Frequent power cuts with unknown reason,tamil,information_request,electricity,Electricity Department,medium,service_failure,urban_area,Chennai,synthetic,train
CDX_093,குப்பை எடுப்பது முறையாக இல்லை தினமும் பிரச்சனை,குப்பை எடுப்பது முறையாக இல்லை தினமும் பிரச்சனை,Garbage is not collected properly daily issue,tamil,complaint,sanitation,Sanitation Department,medium,service_delay,urban_area,Chennai,synthetic,train
CDX_094,தண்ணீர் வராததால் மிகவும் சிரமமாக உள்ளது,தண்ணீர் வராததால் மிகவும் சிரமமாக உள்ளது,No water supply causing severe difficulty,tamil,complaint,water_supply,Water Supply Department,high,service_failure,urban_area,Chennai,synthetic,train
CDX_095,டிரெயினேஜ் அடைப்பால் துர்நாற்றம் வருகிறது,டிரெயினேஜ் அடைப்பால் துர்நாற்றம் வருகிறது,Bad smell due to drain blockage,tamil,complaint,drainage,Drainage Department,high,public_hazard,urban_area,Chennai,synthetic,train
CDX_096,சாலை விளக்குகள் பல நாட்களாக வேலை செய்யவில்லை,சாலை விளக்குகள் பல நாட்களாக வேலை செய்யவில்லை,Street lights not working for many days,tamil,follow_up,street_lighting,Electricity Department,medium,service_failure,urban_area,Chennai,synthetic,train
CDX_097,அரசு சேவை மிகவும் மெதுவாக செயல்படுகிறது,அரசு சேவை மிகவும் மெதுவாக செயல்படுகிறது,Government service is very slow,tamil,complaint,welfare,Welfare Department,medium,service_delay,urban_area,Chennai,synthetic,train
CDX_098,பள்ளி அருகே குப்பை அதிகமாக உள்ளது,பள்ளி அருகே குப்பை அதிகமாக உள்ளது,Garbage is heavily accumulated near school,tamil,complaint,sanitation,Sanitation Department,high,public_hazard,urban_area,Chennai,synthetic,train
CDX_099,புதிய தண்ணீர் இணைப்பு இன்னும் வழங்கப்படவில்லை,புதிய தண்ணீர் இணைப்பு இன்னும் வழங்கப்படவில்லை,New water connection not yet provided,tamil,status_query,water_supply,Water Supply Department,medium,service_delay,urban_area,Chennai,synthetic,train
CDX_100,இந்த பிரச்சனைக்கு உடனடி தீர்வு தேவை,இந்த பிரச்சனைக்கு உடனடி தீர்வு தேவை,Immediate resolution required for this issue,tamil,escalation,sanitation,Sanitation Department,high,service_delay,urban_area,Chennai,synthetic,train
CDX_101,என் தெருவில் குப்பை வாரம் முழுக்க எடுக்கவில்லை,என் தெருவில் குப்பை வாரம் முழுக்க எடுக்கவில்லை,Garbage not collected for a week,tamil,complaint,sanitation,Sanitation Department,high,service_delay,urban_area,Chennai,synthetic,train
CDX_102,water pipe burst aayiduchu road la,water pipe burst ஆகி சாலையில் தண்ணீர் வெளியேறுகிறது,Water pipe burst on road,tanglish,complaint,water_supply,Water Supply Department,high,public_hazard,urban_area,Chennai,synthetic,train
CDX_103,என் ration card still not received,என் ரேஷன் கார்டு இன்னும் வரவில்லை,My ration card not received,code_mixed,status_query,certificates,Revenue Department,medium,service_delay,urban_area,Chennai,synthetic,train
CDX_104,street light complaint already raised but no action,street light complaint ஏற்கனவே கொடுத்தும் நடவடிக்கை இல்லை,Already reported street light issue no action,tanglish,follow_up,street_lighting,Electricity Department,medium,service_delay,urban_area,Chennai,synthetic,train
CDX_105,drainage overflow near my house urgent,என் வீட்டின் அருகே டிரெயினேஜ் overflow உள்ளது,Drainage overflow near house,tamil,complaint,drainage,Drainage Department,high,public_hazard,urban_area,Chennai,synthetic,train
CDX_106,எப்படி new electricity connection apply பண்ணுவது?,எப்படி புதிய மின்சார இணைப்பு விண்ணப்பிப்பது?,How to apply for new electricity connection,code_mixed,application_help,electricity,Electricity Department,low,information_query,urban_area,Chennai,synthetic,train
CDX_107,road repair status enna update?,சாலை பழுது நிலைமை என்ன?,What is road repair status,code_mixed,status_query,roads,Roads Department,low,information_query,urban_area,Chennai,synthetic,train
CDX_108,garbage smell unbearable in street,குப்பை வாசனை தாங்க முடியவில்லை,Garbage smell unbearable,tamil,complaint,sanitation,Sanitation Department,medium,public_hazard,urban_area,Chennai,synthetic,train
CDX_109,water supply daily irregular problem,தண்ணீர் விநியோகம் தினமும் சரியில்லை,Irregular water supply,tamil,complaint,water_supply,Water Supply Department,medium,service_failure,urban_area,Chennai,synthetic,train
CDX_110,passport application status check link venum,passport status check link வேண்டும்,Need passport status check link,code_mixed,information_request,certificates,Revenue Department,low,information_query,urban_area,Chennai,synthetic,train
CDX_111,street dog attack problem increasing,தெரு நாய் பிரச்சனை அதிகரிக்கிறது,Street dog problem increasing,tamil,complaint,public_health,Public Health Department,high,public_hazard,urban_area,Chennai,synthetic,train
CDX_112,already complained drainage issue still same,already drainage complaint கொடுத்தும் இன்னும் அதே நிலை,Drainage issue still same after complaint,tanglish,follow_up,drainage,Drainage Department,medium,service_delay,urban_area,Chennai,synthetic,train
CDX_113,என் application reject reason please சொல்லுங்க,என் விண்ணப்பம் நிராகரிக்கப்பட்ட காரணம் சொல்லுங்கள்,Reason for application rejection,tamil,status_query,certificates,Revenue Department,low,information_query,urban_area,Chennai,synthetic,train
CDX_114,electricity bill suddenly too high this month,மின் கட்டணம் இந்த மாதம் அதிகமாக வந்துள்ளது,Electricity bill very high,tamil,complaint,electricity,Electricity Department,medium,service_failure,urban_area,Chennai,synthetic,train
CDX_115,road pothole accident risk high here,சாலையில் பெரிய குழி விபத்து அபாயம்,High accident risk due to pothole,tamil,complaint,roads,Roads Department,high,public_hazard,urban_area,Chennai,synthetic,train
CDX_116,water connection delay why still pending?,தண்ணீர் இணைப்பு ஏன் இன்னும் நிலுவையில்?,Why water connection pending,code_mixed,status_query,water_supply,Water Supply Department,medium,service_delay,urban_area,Chennai,synthetic,train
CDX_117,form fill panna help urgently venum,படிவம் நிரப்ப உதவி அவசரம் தேவை,Need help filling form urgently,tanglish,application_help,welfare,Welfare Department,low,information_query,urban_area,Chennai,synthetic,train
CDX_118,garbage collection missed again today,இன்று மீண்டும் குப்பை எடுக்கவில்லை,Garbage not collected today,tamil,complaint,sanitation,Sanitation Department,medium,service_delay,urban_area,Chennai,synthetic,train
CDX_119,drain blockage causing mosquito issue,டிரெயின் அடைப்பு கொசு பிரச்சனை ஏற்படுகிறது,Drain blockage causing mosquitoes,tamil,complaint,drainage,Drainage Department,high,public_hazard,urban_area,Chennai,synthetic,train
CDX_120,street light not working for 5 days,வீதியில் விளக்கு 5 நாட்களாக வேலை செய்யவில்லை,Street light not working 5 days,tamil,follow_up,street_lighting,Electricity Department,medium,service_failure,urban_area,Chennai,synthetic,train
CDX_121,who is responsible officer for this issue?,இந்த பிரச்சனைக்கு பொறுப்பு அதிகாரி யார்?,Responsible officer for issue,code_mixed,information_request,public_health,Public Health Department,low,information_query,urban_area,Chennai,synthetic,train
CDX_122,sewage water flowing on road dangerous,சாலையில் கழிவு நீர் வெளியேறுகிறது அபாயம்,Sewage water on road,tamil,complaint,drainage,Drainage Department,high,public_hazard,urban_area,Chennai,synthetic,train
CDX_123,new ration card apply process explain,புதிய ரேஷன் கார்டு விண்ணப்ப செயல்முறை விளக்கம்,Explain ration card process,tamil,application_help,certificates,Revenue Department,low,information_query,urban_area,Chennai,synthetic,train
CDX_124,transport bus delay everyday issue,பஸ் தினமும் தாமதமாக வருகிறது,Bus delay issue,tamil,complaint,transport,Transport Department,medium,service_delay,urban_area,Chennai,synthetic,train
CDX_125,electric wire hanging dangerous situation,மின் கம்பி கீழே தொங்குகிறது ஆபத்து,Hanging electric wire danger,tamil,complaint,electricity,Electricity Department,high,public_hazard,urban_area,Chennai,synthetic,train
CDX_126,water supply not coming since morning,காலை முதல் தண்ணீர் வரவில்லை,No water since morning,tamil,complaint,water_supply,Water Supply Department,high,service_failure,urban_area,Chennai,synthetic,train
CDX_127,already escalated no response still,already escalate செய்தும் பதில் இல்லை,No response after escalation,tanglish,escalation,roads,Roads Department,high,service_delay,urban_area,Chennai,synthetic,train
CDX_128,garbage dumped near school area,பள்ளி அருகே குப்பை குவிந்துள்ளது,Garbage near school,tamil,complaint,sanitation,Sanitation Department,high,public_hazard,urban_area,Chennai,synthetic,train
CDX_129,how to check application status online?,ஆன்லைனில் நிலை எப்படி பார்க்குவது?,How to check application status,code_mixed,information_request,certificates,Revenue Department,low,information_query,urban_area,Chennai,synthetic,train
CDX_130,road condition getting worse daily,சாலை நிலை தினமும் மோசமாகிறது,Road condition worsening,tamil,complaint,roads,Roads Department,high,public_hazard,urban_area,Chennai,synthetic,train
CDX_131,water tank cleaning not done properly,தண்ணீர் டேங்க் சுத்தம் செய்யப்படவில்லை,Water tank not cleaned,tamil,complaint,water_supply,Water Supply Department,medium,service_delay,urban_area,Chennai,synthetic,train
CDX_132,street light flickering issue in area,விளக்கு மின்மினப்பு பிரச்சனை,Street light flickering,tamil,complaint,street_lighting,Electricity Department,medium,service_failure,urban_area,Chennai,synthetic,train
CDX_133,drain overflow after rain problem,மழைக்குப் பிறகு டிரெயின் overflow,Drain overflow after rain,tamil,complaint,drainage,Drainage Department,high,public_hazard,urban_area,Chennai,synthetic,train
CDX_134,application pending for more than 2 weeks,விண்ணப்பம் 2 வாரமாக நிலுவையில் உள்ளது,Application pending 2 weeks,tamil,follow_up,certificates,Revenue Department,medium,service_delay,urban_area,Chennai,synthetic,train
CDX_135,need urgent help for this complaint,இந்த புகாருக்கு உடனடி உதவி தேவை,Need urgent help,tamil,escalation,sanitation,Sanitation Department,high,service_delay,urban_area,Chennai,synthetic,train
CDX_136,eb meter issue reading wrong showing,மின்சார மீட்டர் தவறாக காட்டுகிறது,Electric meter issue,tamil,complaint,electricity,Electricity Department,medium,service_failure,urban_area,Chennai,synthetic,train
CDX_137,public toilet not clean hygiene issue,பொது கழிப்பறை சுத்தமில்லை,Public toilet hygiene issue,tamil,complaint,public_health,Public Health Department,high,public_hazard,urban_area,Chennai,synthetic,train
CDX_138,road construction work delayed long time,சாலை வேலை நீண்ட காலமாக தாமதம்,Road construction delay,tamil,follow_up,roads,Roads Department,medium,service_delay,urban_area,Chennai,synthetic,train
CDX_139,water pipe leakage in street urgent fix,தண்ணீர் குழாய் கசிவு அவசரம்,Water pipe leakage,tamil,complaint,water_supply,Water Supply Department,high,service_failure,urban_area,Chennai,synthetic,train
CDX_140,how to escalate complaint to officer?,புகாரை அதிகாரிக்கு எப்படி உயர்த்துவது?,How to escalate complaint,code_mixed,escalation,welfare,Welfare Department,medium,information_query,urban_area,Chennai,synthetic,train
CDX_141,garbage collection not done properly area,எங்கள் பகுதியில் குப்பை சரியாக எடுக்கவில்லை,Garbage not collected properly,tamil,complaint,sanitation,Sanitation Department,medium,service_delay,urban_area,Chennai,synthetic,train
CDX_142,street light off during night unsafe,இரவில் விளக்கு அணைந்துள்ளது பாதுகாப்பில்லை,Street light off unsafe,tamil,complaint,street_lighting,Electricity Department,high,public_hazard,urban_area,Chennai,synthetic,train
CDX_143,sewage smell very bad near house,வீட்டின் அருகே கழிவு நீர் வாசனை மோசம்,Severe sewage smell,tamil,complaint,drainage,Drainage Department,high,public_hazard,urban_area,Chennai,synthetic,train
CDX_144,status of water connection application?,தண்ணீர் இணைப்பு விண்ணப்ப நிலை?,Water connection status,code_mixed,status_query,water_supply,Water Supply Department,low,information_query,urban_area,Chennai,synthetic,train
CDX_145,ration card duplicate apply help,ரேஷன் கார்டு நகல் உதவி,Duplicate ration card help,tamil,document_help,certificates,Revenue Department,low,information_query,urban_area,Chennai,synthetic,train
CDX_146,road pothole increasing risk daily,சாலை குழிகள் அதிகரிக்கிறது,Increasing pothole risk,tamil,complaint,roads,Roads Department,high,public_hazard,urban_area,Chennai,synthetic,train
CDX_147,water shortage issue very serious,தண்ணீர் பற்றாக்குறை மிகவும் கடுமை,Water shortage serious,tamil,complaint,water_supply,Water Supply Department,high,service_failure,urban_area,Chennai,synthetic,train
CDX_148,electricity cut every night problem,இரவில் மின்சாரம் போகிறது பிரச்சனை,Frequent power cut,tamil,complaint,electricity,Electricity Department,medium,service_failure,urban_area,Chennai,synthetic,train
CDX_149,drain cleaning request not done yet,டிரெயின் சுத்தம் செய்யப்படவில்லை,Drain cleaning pending,tamil,follow_up,drainage,Drainage Department,medium,service_delay,urban_area,Chennai,synthetic,train
CDX_150,this complaint must be solved immediately,இந்த புகார் உடனே தீர்க்க வேண்டும்,Immediate complaint resolution,tamil,escalation,sanitation,Sanitation Department,high,service_delay,urban_area,Chennai,synthetic,train
CDX_151,power supply unstable whole night,இரவு முழுவதும் மின்சாரம் நிலையாக இல்லை,Unstable power supply night,tanglish,complaint,electricity,Electricity Department,high,service_failure,urban_area,Chennai,synthetic,train
CDX_152,bus stop light not working unsafe at night,பஸ் நிறுத்த விளக்கு வேலை செய்யவில்லை,Bus stop lighting issue,tanglish,complaint,street_lighting,Electricity Department,medium,service_failure,urban_area,Chennai,synthetic,train
CDX_153,need welfare scheme eligibility details,தகுதி விவரங்கள் தேவை,Welfare scheme eligibility info,tamil,information_request,welfare,Welfare Department,low,information_query,urban_area,Chennai,synthetic,train
CDX_154,my water bill calculation seems wrong,என் தண்ணீர் பில் தவறாக உள்ளது,Water bill seems incorrect,code_mixed,complaint,water_supply,Water Supply Department,medium,service_failure,urban_area,Chennai,synthetic,train
CDX_155,road repair work started but stopped midway,சாலை வேலை பாதியில் நிறுத்தப்பட்டது,Road work stopped,tamil,follow_up,roads,Roads Department,medium,service_delay,urban_area,Chennai,synthetic,train
CDX_156,garbage burning near residential area issue,வீட்டு பகுதியில் குப்பை எரிக்கப்படுகிறது,Garbage burning issue,tamil,complaint,sanitation,Sanitation Department,high,public_hazard,urban_area,Chennai,synthetic,train
CDX_157,how long for ration card approval?,ரேஷன் கார்டு அனுமதி எவ்வளவு நேரம்?,Ration approval time,code_mixed,status_query,certificates,Revenue Department,low,information_query,urban_area,Chennai,synthetic,train
CDX_158,drainage cleaning schedule not known,டிரெயின் சுத்தம் செய்யும் நேரம் தெரியவில்லை,Drain cleaning schedule unknown,tamil,information_request,drainage,Drainage Department,low,information_query,urban_area,Chennai,synthetic,train
CDX_159,electric pole leaning dangerously near house,மின் கம்பம் வீடு அருகே சாய்ந்துள்ளது,Leaning electric pole,tamil,complaint,electricity,Electricity Department,high,public_hazard,urban_area,Chennai,synthetic,train
CDX_160,transport bus frequency very low in area,பஸ் சேவை குறைவாக உள்ளது,Low bus frequency,tamil,complaint,transport,Transport Department,medium,service_delay,urban_area,Chennai,synthetic,train
CDX_161,street light fixed but again not working,விளக்கு சரிசெய்தும் மீண்டும் வேலை இல்லை,Street light recurring issue,tamil,follow_up,street_lighting,Electricity Department,medium,service_failure,urban_area,Chennai,synthetic,train
CDX_162,application status not updating online portal,ஆன்லைனில் நிலை அப்டேட் ஆகவில்லை,Online status not updating,code_mixed,status_query,certificates,Revenue Department,low,information_query,urban_area,Chennai,synthetic,train
CDX_163,water supply pressure very low daily,தண்ணீர் அழுத்தம் மிகவும் குறைவு,Low water pressure,tamil,complaint,water_supply,Water Supply Department,medium,service_failure,urban_area,Chennai,synthetic,train
CDX_164,public health clinic service slow response,மருத்துவ சேவை மெதுவாக உள்ளது,Slow public health service,tamil,complaint,public_health,Public Health Department,medium,service_delay,urban_area,Chennai,synthetic,train
CDX_165,garbage truck not coming in our lane,எங்கள் தெருவுக்கு குப்பை வாகனம் வரவில்லை,Garbage truck not coming,tamil,complaint,sanitation,Sanitation Department,medium,service_delay,urban_area,Chennai,synthetic,train
CDX_166,road accident due to pothole yesterday,குழியால் விபத்து நடந்தது,Accident due to pothole,tamil,complaint,roads,Roads Department,high,public_hazard,urban_area,Chennai,synthetic,train
CDX_167,need help for filling welfare scholarship form,ஸ்காலர்ஷிப் படிவம் நிரப்ப உதவி,Welfare form help,tamil,application_help,welfare,Welfare Department,low,information_query,urban_area,Chennai,synthetic,train
CDX_168,drain water entering house during rain,மழையில் வீடு உள்ளே தண்ணீர் வருகிறது,Drain water entering house,tamil,complaint,drainage,Drainage Department,high,public_hazard,urban_area,Chennai,synthetic,train
CDX_169,electricity bill dispute want clarification,மின்சார பில் விளக்கம் தேவை,Bill dispute clarification,code_mixed,information_request,electricity,Electricity Department,medium,service_failure,urban_area,Chennai,synthetic,train
CDX_170,street cleanliness improved but still garbage spots,சுத்தம் மேம்பட்டாலும் சில இடங்களில் குப்பை,Partial sanitation issue,tamil,follow_up,sanitation,Sanitation Department,low,service_delay,urban_area,Chennai,synthetic,train
CDX_171,passport application delayed no update yet,பாஸ்போர்ட் விண்ணப்பம் தாமதம்,Passport delay,tamil,status_query,certificates,Revenue Department,medium,service_delay,urban_area,Chennai,synthetic,train
CDX_172,road marking missing dangerous crossing,சாலை குறியீடுகள் இல்லை அபாயம்,Road marking missing,tamil,complaint,roads,Roads Department,high,public_hazard,urban_area,Chennai,synthetic,train
CDX_173,water pipeline maintenance notice not received,தண்ணீர் குழாய் பராமரிப்பு அறிவிப்பு இல்லை,No maintenance notice,tamil,information_request,water_supply,Water Supply Department,low,information_query,urban_area,Chennai,synthetic,train
CDX_174,frequent voltage fluctuation at home,வீட்டில் மின் மாற்றம் அதிகம்,Voltage fluctuation,tamil,complaint,electricity,Electricity Department,medium,service_failure,urban_area,Chennai,synthetic,train
CDX_175,drainage smell improving but still present,மணத்தை குறைந்தாலும் இன்னும் உள்ளது,Partial drainage smell issue,tamil,follow_up,drainage,Drainage Department,medium,service_delay,urban_area,Chennai,synthetic,train
CDX_176,how to register complaint online portal?,ஆன்லைன் புகார் பதிவு எப்படி?,How to register complaint,code_mixed,information_request,welfare,Welfare Department,low,information_query,urban_area,Chennai,synthetic,train
CDX_177,garbage segregation not followed in area,குப்பை பிரிப்பு பின்பற்றப்படவில்லை,No waste segregation,tamil,complaint,sanitation,Sanitation Department,medium,service_delay,urban_area,Chennai,synthetic,train
CDX_178,street light timer not matching night hours,விளக்கு நேரம் தவறாக உள்ளது,Street light timing issue,tamil,complaint,street_lighting,Electricity Department,medium,service_failure,urban_area,Chennai,synthetic,train
CDX_179,transport delay causing office late daily,பஸ் தாமதம் காரணமாக வேலை தாமதம்,Transport delay issue,tamil,complaint,transport,Transport Department,medium,service_delay,urban_area,Chennai,synthetic,train
CDX_180,application rejected but no explanation given,விளக்கம் இல்லாமல் நிராகரிப்பு,Rejected application no reason,tamil,status_query,certificates,Revenue Department,medium,service_failure,urban_area,Chennai,synthetic,train
CDX_181,electric meter not showing correct units,மீட்டர் சரியாக காட்டவில்லை,Faulty electricity meter,tamil,complaint,electricity,Electricity Department,medium,service_failure,urban_area,Chennai,synthetic,train
CDX_182,water shortage only in our street,எங்கள் தெருவில் மட்டும் தண்ணீர் பிரச்சனை,Localized water shortage,tamil,complaint,water_supply,Water Supply Department,high,service_failure,urban_area,Chennai,synthetic,train
CDX_183,health department inspection needed here,இங்கே சுகாதார ஆய்வு தேவை,Need health inspection,tamil,escalation,public_health,Public Health Department,high,public_hazard,urban_area,Chennai,synthetic,train
CDX_184,road debris not cleared after repair,சாலை கழிவு அகற்றப்படவில்லை,Road debris issue,tamil,complaint,roads,Roads Department,medium,service_delay,urban_area,Chennai,synthetic,train
CDX_185,welfare scheme payment not received yet,நிதி இன்னும் கிடைக்கவில்லை,Welfare payment pending,tamil,follow_up,welfare,Welfare Department,medium,service_delay,urban_area,Chennai,synthetic,train
CDX_186,sewage overflow near school critical issue,பள்ளி அருகே sewage overflow,Sewage near school,tamil,complaint,drainage,Drainage Department,high,public_hazard,urban_area,Chennai,synthetic,train
CDX_187,need contact number for complaint office,புகார் அலுவலக எண் தேவை,Need complaint office number,code_mixed,information_request,public_health,Public Health Department,low,information_query,urban_area,Chennai,synthetic,train
CDX_188,garbage collection improved slightly this week,இந்த வாரம் சிறிது மேம்பாடு,Partial improvement sanitation,tamil,follow_up,sanitation,Sanitation Department,low,service_delay,urban_area,Chennai,synthetic,train
CDX_189,street light repair pending after multiple complaints,பல புகாருக்குப் பிறகும் சரி செய்யப்படவில்லை,Repeated street light issue,tamil,follow_up,street_lighting,Electricity Department,medium,service_failure,urban_area,Chennai,synthetic,train
CDX_190,transport route change causing confusion,பஸ் பாதை மாற்றம் குழப்பம்,Transport route confusion,tamil,complaint,transport,Transport Department,medium,service_delay,urban_area,Chennai,synthetic,train
CDX_191,application status shows error online,ஆன்லைனில் error காட்டுகிறது,System error in status,code_mixed,status_query,certificates,Revenue Department,low,information_query,urban_area,Chennai,synthetic,train
CDX_192,water tank contamination suspicion,தண்ணீர் டேங்க் மாசு சந்தேகம்,Water contamination suspicion,tamil,complaint,water_supply,Water Supply Department,high,public_hazard,urban_area,Chennai,synthetic,train
CDX_193,electricity issue resolved partially still flicker,பிரச்சனை பகுதி தீர்வு இன்னும் பிரச்சனை,Partial electricity fix,tamil,follow_up,electricity,Electricity Department,medium,service_failure,urban_area,Chennai,synthetic,train
CDX_194,drain cleaning done but smell remains,சுத்தம் செய்தும் வாசனை உள்ளது,Drain smell persists,tamil,follow_up,drainage,Drainage Department,medium,service_delay,urban_area,Chennai,synthetic,train
CDX_195,welfare office response too slow,அலுவலக பதில் மிகவும் மெதுவாக உள்ளது,Slow welfare office,tamil,complaint,welfare,Welfare Department,medium,service_delay,urban_area,Chennai,synthetic,train
CDX_196,road safety light missing at junction,சந்திப்பில் பாதுகாப்பு விளக்கு இல்லை,Road junction safety issue,tamil,complaint,roads,Roads Department,high,public_hazard,urban_area,Chennai,synthetic,train
CDX_197,need urgent escalation for water issue,தண்ணீர் பிரச்சனைக்கு உடனடி உயர்த்தல் தேவை,Water issue escalation,tamil,escalation,water_supply,Water Supply Department,high,service_failure,urban_area,Chennai,synthetic,train
CDX_198,garbage issue resolved partially thank you,குப்பை பிரச்சனை பகுதி தீர்வு,Partial resolution sanitation,tamil,follow_up,sanitation,Sanitation Department,low,service_delay,urban_area,Chennai,synthetic,train
CDX_199,public health issue improving slowly,சுகாதார நிலை மெதுவாக மேம்படுகிறது,Slow improvement health,tamil,follow_up,public_health,Public Health Department,low,service_delay,urban_area,Chennai,synthetic,train
CDX_200,final check request for all civic services,அனைத்து சேவைகளின் இறுதி சரிபார்ப்பு,Final civic check request,tamil,information_request,welfare,Welfare Department,low,information_query,urban_area,Chennai,synthetic,train